{"cameraMode":{"drawMode":0,"name":"Shaded","section":"Shading Mode"},"sceneLighting":false,"audioPlay":false,"sceneViewState":{"m_AlwaysRefresh":false,"showFog":true,"showSkybox":false,"showFlares":true,"showImageEffects":true,"showParticleSystems":true,"showVisualEffectGraphs":true,"m_FxEnabled":true},"in2DMode":false,"pivot":{"x":11.403779029846192,"y":0.8645753860473633,"z":6.929718017578125},"rotation":{"x":-0.03298039361834526,"y":0.7961858510971069,"z":0.04400855675339699,"w":0.6027721166610718},"size":1.1243674755096436,"orthographic":false}